{
  "IcoMoonType": "selection",
  "icons": [
    {
      "icon": {
        "paths": [
          "M2730.667 512c0 282.77-229.23 512-512 512s-512-229.23-512-512c0-282.77 229.23-512 512-512s512 229.23 512 512z",
          "M1024 512c0 282.77-229.23 512-512 512s-512-229.23-512-512c0-282.77 229.23-512 512-512s512 229.23 512 512z",
          "M4437.333 512c0 282.77-229.23 512-512 512s-512-229.23-512-512c0-282.77 229.23-512 512-512s512 229.23 512 512z"
        ],
        "attrs": [
          {
            "fill": "rgb(255, 255, 255)"
          },
          {
            "fill": "rgb(255, 255, 255)"
          },
          {
            "fill": "rgb(255, 255, 255)"
          }
        ],
        "width": 4437,
        "isMulticolor": false,
        "isMulticolor2": false,
        "grid": 0,
        "tags": [
          "ellWitm"
        ]
      },
      "attrs": [
        {
          "fill": "rgb(255, 255, 255)"
        },
        {
          "fill": "rgb(255, 255, 255)"
        },
        {
          "fill": "rgb(255, 255, 255)"
        }
      ],
      "properties": {
        "order": 13,
        "id": 0,
        "name": "ellWitm",
        "prevSize": 32
      },
      "setIdx": 0,
      "setId": 7,
      "iconIdx": 0
    },
    {
      "icon": {
        "paths": [
          "M1031.52 512c0 282.77-229.23 512-512 512s-512-229.23-512-512c0-282.77 229.23-512 512-512s512 229.23 512 512z",
          "M419.264 588l-10.144 133.44c14.528 0 20.832-5.856 28.384-12.832l68.16-60.8 141.28 96.544c25.92 13.44 44.16 6.368 51.168-22.24l92.704-405.536h0.032c8.224-35.776-13.856-49.728-39.104-40.96l-545.024 194.752c-37.184 13.44-36.64 32.832-6.336 41.6l139.36 40.448 323.648-189.024c15.232-9.408 29.12-4.192 17.696 5.216l-261.792 219.392z"
        ],
        "attrs": [
          {
            "fill": "rgb(254, 165, 187)"
          },
          {
            "fill": "rgb(255, 255, 255)"
          }
        ],
        "width": 1056,
        "isMulticolor": true,
        "isMulticolor2": false,
        "grid": 0,
        "tags": [
          "teleg"
        ],
        "colorPermutations": {
          "25416518712552552551": [
            {
              "f": 0
            },
            {
              "f": 1
            }
          ]
        }
      },
      "attrs": [
        {
          "fill": "rgb(254, 165, 187)"
        },
        {
          "fill": "rgb(255, 255, 255)"
        }
      ],
      "properties": {
        "order": 9,
        "id": 2,
        "name": "teleg",
        "prevSize": 32
      },
      "setIdx": 2,
      "setId": 5,
      "iconIdx": 0
    },
    {
      "icon": {
        "paths": [
          "M1024 512c0 282.77-229.23 512-512 512s-512-229.23-512-512c0-282.77 229.23-512 512-512s512 229.23 512 512z",
          "M512 210.816c-165.44 0-301.184 135.776-301.184 301.184 0 141.184 99.072 269.408 230.592 301.184v-99.648c-13.024 2.88-25.024 2.944-38.304-0.96-17.792-5.28-32.256-17.12-42.976-35.2-6.848-11.52-18.976-24.064-31.616-23.136l-3.104-35.168c27.36-2.336 51.008 16.672 65.056 40.288 6.24 10.496 13.44 16.64 22.656 19.36 8.896 2.624 18.464 1.376 29.632-2.56 2.784-22.336 13.024-30.72 20.736-42.464-78.432-11.712-109.696-53.312-122.112-86.176-16.448-43.616-7.616-98.112 21.44-132.544 0.576-0.64 1.6-2.432 1.216-3.648-13.344-40.288 2.88-73.6 3.52-77.12 15.36 4.544 17.856-4.576 66.816 25.152l8.448 5.088c3.52 2.112 2.432 0.896 5.984 0.64 18.866-5.329 40.584-8.555 63.002-8.894l0.198-0.002c22.932 0.355 44.944 3.662 65.872 9.555l-1.808-0.435 2.752 0.288c-0.256-0.064 0.736-0.192 2.4-1.184 61.12-37.024 58.944-24.928 75.328-30.24 0.608 3.52 16.64 37.376 3.456 77.12-1.792 5.504 52.992 55.68 22.624 136.224-12.416 32.864-43.68 74.464-122.112 86.176 10.048 15.36 22.144 23.488 22.080 55.104v124.384c131.52-31.776 230.592-160 230.592-301.184 0-165.44-135.744-301.184-301.184-301.184z"
        ],
        "attrs": [
          {
            "fill": "rgb(254, 165, 187)"
          },
          {
            "fill": "rgb(255, 255, 255)"
          }
        ],
        "isMulticolor": true,
        "isMulticolor2": false,
        "grid": 0,
        "tags": [
          "git"
        ],
        "colorPermutations": {
          "25416518712552552551": [
            {
              "f": 0
            },
            {
              "f": 1
            }
          ]
        }
      },
      "attrs": [
        {
          "fill": "rgb(254, 165, 187)"
        },
        {
          "fill": "rgb(255, 255, 255)"
        }
      ],
      "properties": {
        "order": 8,
        "id": 1,
        "name": "git",
        "prevSize": 32
      },
      "setIdx": 2,
      "setId": 5,
      "iconIdx": 1
    },
    {
      "icon": {
        "paths": [
          "M527.040 1024c282.784 0 512-229.216 512-512s-229.216-512-512-512c-282.752 0-512 229.216-512 512s229.248 512 512 512z",
          "M669.312 511.392h-83.52v307.808h-126.56v-307.84h-60.16v-108.16h60.16v-69.984c0-50.080 23.68-128.448 127.68-128.448l93.76 0.384v104.992h-68.032c-11.136 0-26.848 5.632-26.848 29.504v63.68h94.592l-11.072 108.032z"
        ],
        "attrs": [
          {
            "fill": "rgb(254, 165, 187)"
          },
          {
            "fill": "rgb(255, 255, 255)"
          }
        ],
        "width": 1056,
        "isMulticolor": true,
        "isMulticolor2": false,
        "grid": 0,
        "tags": [
          "facebo"
        ],
        "colorPermutations": {
          "25416518712552552551": [
            {
              "f": 0
            },
            {
              "f": 1
            }
          ]
        }
      },
      "attrs": [
        {
          "fill": "rgb(254, 165, 187)"
        },
        {
          "fill": "rgb(255, 255, 255)"
        }
      ],
      "properties": {
        "order": 7,
        "id": 0,
        "name": "facebo",
        "prevSize": 32
      },
      "setIdx": 2,
      "setId": 5,
      "iconIdx": 2
    },
    {
      "icon": {
        "paths": [
          "M145.408 102.4l438.477 409.6-438.477 409.6"
        ],
        "attrs": [
          {
            "fill": "none",
            "stroke": "rgb(212, 20, 67)",
            "strokeLinejoin": "round",
            "strokeLinecap": "round",
            "strokeMiterlimit": "4",
            "strokeWidth": 204.8
          }
        ],
        "width": 717,
        "isMulticolor": false,
        "isMulticolor2": false,
        "grid": 0,
        "tags": [
          "Vectored"
        ],
        "colorPermutations": {
          "212206712552552551": [
            {
              "s": 0
            }
          ]
        }
      },
      "attrs": [
        {
          "fill": "none",
          "stroke": "rgb(212, 20, 67)",
          "strokeLinejoin": "round",
          "strokeLinecap": "round",
          "strokeMiterlimit": "4",
          "strokeWidth": 204.8
        }
      ],
      "properties": {
        "order": 6,
        "id": 1,
        "name": "Vectored",
        "prevSize": 32
      },
      "setIdx": 3,
      "setId": 4,
      "iconIdx": 0
    },
    {
      "icon": {
        "paths": [
          "M102.4 102.4l369.664 409.6-369.664 409.6"
        ],
        "attrs": [
          {
            "fill": "none",
            "stroke": "rgb(255, 255, 255)",
            "strokeLinejoin": "round",
            "strokeLinecap": "round",
            "strokeMiterlimit": "4",
            "strokeWidth": 204.8
          }
        ],
        "width": 614,
        "isMulticolor": false,
        "isMulticolor2": false,
        "grid": 0,
        "tags": [
          "Vector1"
        ]
      },
      "attrs": [
        {
          "fill": "none",
          "stroke": "rgb(255, 255, 255)",
          "strokeLinejoin": "round",
          "strokeLinecap": "round",
          "strokeMiterlimit": "4",
          "strokeWidth": 204.8
        }
      ],
      "properties": {
        "order": 5,
        "id": 0,
        "name": "Vector1",
        "prevSize": 32
      },
      "setIdx": 3,
      "setId": 4,
      "iconIdx": 1
    },
    {
      "icon": {
        "paths": [
          "M1024 512c0 282.77-229.23 512-512 512s-512-229.23-512-512c0-282.77 229.23-512 512-512s512 229.23 512 512z"
        ],
        "attrs": [
          {
            "fill": "rgb(199, 19, 62)"
          }
        ],
        "isMulticolor": false,
        "isMulticolor2": false,
        "grid": 0,
        "tags": [
          "Ellipse456"
        ]
      },
      "attrs": [
        {
          "fill": "rgb(199, 19, 62)"
        }
      ],
      "properties": {
        "order": 4,
        "id": 0,
        "name": "Ellipse456",
        "prevSize": 32
      },
      "setIdx": 4,
      "setId": 3,
      "iconIdx": 0
    },
    {
      "icon": {
        "paths": [
          "M1057.707 512c0 282.77-229.23 512-512 512s-512-229.23-512-512c0-282.77 229.23-512 512-512s512 229.23 512 512z"
        ],
        "attrs": [
          {
            "fill": "rgb(217, 217, 217)"
          }
        ],
        "width": 1109,
        "isMulticolor": false,
        "isMulticolor2": false,
        "grid": 0,
        "tags": [
          "Ellipse (1)"
        ],
        "colorPermutations": {
          "211196612172172171": [
            {
              "f": 1
            }
          ]
        }
      },
      "attrs": [
        {
          "fill": "rgb(217, 217, 217)"
        }
      ],
      "properties": {
        "order": 2,
        "id": 1,
        "name": "Ellipse-1",
        "prevSize": 32
      },
      "setIdx": 5,
      "setId": 2,
      "iconIdx": 0
    },
    {
      "icon": {
        "paths": [
          "M1044.48 492.8c8.18-8.779 13.201-20.595 13.201-33.585 0-15.024-6.718-28.48-17.314-37.527l-0.068-0.057-472.747-407.979c-10.213-8.47-23.453-13.609-37.894-13.609-14.906 0-28.534 5.476-38.98 14.525l0.075-0.063-474.283 428.885c-10.122 9.014-16.466 22.082-16.466 36.633 0 13.434 5.408 25.605 14.166 34.454l-0.004-0.004 11.947 12.203c19.627 20.309 51.541 22.699 71.168 5.376l35.413-31.317v458.496c0.193 28.131 23.041 50.86 51.199 50.86 0.15 0 0.301-0.001 0.451-0.002l-0.023 0h184.832c0.127 0.001 0.277 0.002 0.428 0.002 28.158 0 51.006-22.73 51.199-50.842l0-0.018v-320.768h235.861v320.768c-0.427 28.16 19.968 50.859 48.469 50.859h195.925c0.102 0.001 0.222 0.001 0.342 0.001 28.157 0 51.006-22.73 51.199-50.841l0-0.018v-452.011l21.931 18.944c12.032 10.411 37.376 2.048 56.491-18.773l13.483-14.507z"
        ],
        "attrs": [
          {
            "fill": "rgb(211, 19, 66)"
          }
        ],
        "width": 1109,
        "isMulticolor": false,
        "isMulticolor2": false,
        "grid": 0,
        "tags": [
          "dom (1)"
        ]
      },
      "attrs": [
        {
          "fill": "rgb(211, 19, 66)"
        }
      ],
      "properties": {
        "order": 3,
        "id": 0,
        "name": "dom-1",
        "prevSize": 32
      },
      "setIdx": 5,
      "setId": 2,
      "iconIdx": 1
    },
    {
      "icon": {
        "paths": [
          "M621.254 877.254l320-320c24.994-24.992 24.994-65.516 0-90.51l-320-320c-24.994-24.992-65.516-24.992-90.51 0-24.994 24.994-24.994 65.516 0 90.51l210.746 210.746h-613.49c-35.346 0-64 28.654-64 64s28.654 64 64 64h613.49l-210.746 210.746c-12.496 12.496-18.744 28.876-18.744 45.254s6.248 32.758 18.744 45.254c24.994 24.994 65.516 24.994 90.51 0z"
        ],
        "tags": [
          "arrow-right",
          "right",
          "next"
        ],
        "defaultCode": 59964,
        "grid": 16,
        "attrs": []
      },
      "attrs": [],
      "properties": {
        "ligatures": "arrow-right2, right4",
        "name": "arrow-right2",
        "order": 16,
        "id": 317,
        "prevSize": 32
      },
      "setIdx": 6,
      "setId": 1,
      "iconIdx": 316
    }
  ],
  "height": 1024,
  "preferences": {
    "showGlyphs": true,
    "showQuickUse": true,
    "showQuickUse2": true,
    "showSVGs": true,
    "fontPref": {
      "prefix": "icon-",
      "metadata": {
        "fontFamily": "icomoon"
      },
      "metrics": {
        "emSize": 1024,
        "baseline": 6.25,
        "whitespace": 50
      },
      "embed": false
    },
    "imagePref": {
      "prefix": "icon-",
      "png": true,
      "useClassSelector": true,
      "color": 0,
      "bgColor": 16777215,
      "classSelector": ".icon",
      "name": "icomoon"
    },
    "historySize": 50,
    "showCodes": true,
    "gridSize": 16
  }
}