{
  "IcoMoonType": "selection",
  "icons": [
    {
      "icon": {
        "paths": [
          "M456.499 511.027h-133.632v492.493h-202.496v-492.544h-96.256v-173.056h96.256v-111.923c0-80.128 37.888-205.517 204.288-205.517l150.016 0.614v167.987h-108.851c-17.818 0-42.957 9.011-42.957 47.206v101.888h151.347l-17.715 172.8z"
        ],
        "attrs": [
          {
            "fill": "rgb(255, 255, 255)"
          }
        ],
        "width": 512,
        "isMulticolor": false,
        "isMulticolor2": false,
        "grid": 0,
        "tags": [
          "facem"
        ]
      },
      "attrs": [
        {
          "fill": "rgb(255, 255, 255)"
        }
      ],
      "properties": {
        "order": 22,
        "id": 3,
        "name": "facem",
        "prevSize": 32
      },
      "setIdx": 0,
      "setId": 10,
      "iconIdx": 0
    },
    {
      "icon": {
        "paths": [
          "M512 30.106c-264.704 0-481.894 217.242-481.894 481.894 0 225.894 158.515 431.053 368.947 481.894v-159.437c-20.838 4.608-40.038 4.71-61.286-1.536-28.467-8.448-51.61-27.392-68.762-56.32-10.957-18.432-30.362-38.502-50.586-37.018l-4.966-56.269c43.776-3.738 81.613 26.675 104.090 64.461 9.984 16.794 21.504 26.624 36.25 30.976 14.234 4.198 29.542 2.202 47.411-4.096 4.454-35.738 20.838-49.152 33.178-67.942-125.491-18.739-175.514-85.35-195.379-137.882-26.317-69.786-12.186-156.979 34.304-212.070 0.922-1.024 2.56-3.891 1.946-5.837-21.35-64.461 4.608-117.76 5.632-123.392 24.576 7.27 28.57-7.322 106.906 40.243l13.517 8.141c5.632 3.379 3.891 1.434 9.574 1.024 30.185-8.527 64.934-13.687 100.802-14.23l0.318-0.004c36.692 0.568 71.91 5.858 105.395 15.288l-2.892-0.696 4.403 0.461c-0.41-0.051 1.178-0.307 3.84-1.894 97.792-59.238 94.31-39.885 120.525-48.384 0.973 5.632 26.624 59.802 5.478 123.392-2.816 8.806 84.838 89.088 36.25 217.958-19.866 52.582-69.888 119.142-195.379 137.882 16.077 24.576 35.43 37.581 35.328 88.166v199.014c210.432-50.842 368.947-256 368.947-481.894 0-264.704-217.19-481.894-481.894-481.894z"
        ],
        "attrs": [
          {
            "fill": "rgb(255, 255, 255)"
          }
        ],
        "isMulticolor": false,
        "isMulticolor2": false,
        "grid": 0,
        "tags": [
          "gitm"
        ]
      },
      "attrs": [
        {
          "fill": "rgb(255, 255, 255)"
        }
      ],
      "properties": {
        "order": 25,
        "id": 2,
        "name": "gitm",
        "prevSize": 32
      },
      "setIdx": 0,
      "setId": 10,
      "iconIdx": 1
    },
    {
      "icon": {
        "paths": [
          "M518.592 664l-20.352 266.88c29.056 0 41.664-11.712 56.768-25.664l136.32-121.6 282.56 193.088c51.84 26.88 88.32 12.736 102.272-44.48l185.472-811.072h0.064c16.448-71.552-27.712-99.456-78.208-81.92l-1090.048 389.504c-74.368 26.88-73.28 65.664-12.672 83.2l278.72 80.896 647.36-378.048c30.464-18.816 58.112-8.448 35.328 10.432l-523.584 438.784z"
        ],
        "attrs": [
          {
            "fill": "rgb(255, 255, 255)"
          }
        ],
        "width": 1280,
        "isMulticolor": false,
        "isMulticolor2": false,
        "grid": 0,
        "tags": [
          "telegm"
        ]
      },
      "attrs": [
        {
          "fill": "rgb(255, 255, 255)"
        }
      ],
      "properties": {
        "order": 24,
        "id": 1,
        "name": "telegm",
        "prevSize": 32
      },
      "setIdx": 0,
      "setId": 10,
      "iconIdx": 2
    },
    {
      "icon": {
        "paths": [
          "M80.64 64l862.72 896M64 943.36l896-862.72"
        ],
        "attrs": [
          {
            "fill": "none",
            "stroke": "rgb(255, 255, 255)",
            "strokeLinejoin": "miter",
            "strokeLinecap": "butt",
            "strokeMiterlimit": "4",
            "strokeWidth": 64
          }
        ],
        "isMulticolor": false,
        "isMulticolor2": false,
        "grid": 0,
        "tags": [
          "closem"
        ]
      },
      "attrs": [
        {
          "fill": "none",
          "stroke": "rgb(255, 255, 255)",
          "strokeLinejoin": "miter",
          "strokeLinecap": "butt",
          "strokeMiterlimit": "4",
          "strokeWidth": 64
        }
      ],
      "properties": {
        "order": 19,
        "id": 0,
        "name": "closem",
        "prevSize": 32
      },
      "setIdx": 0,
      "setId": 10,
      "iconIdx": 3
    },
    {
      "icon": {
        "paths": [
          "M512 512c141.385 0 256-114.615 256-256s-114.615-256-256-256v0c-141.385 0-256 114.615-256 256s114.615 256 256 256v0zM512 640c-170.837 0-512 85.76-512 256v64c0 35.157 28.843 64 64 64h896c35.157 0 64-28.843 64-64v-64c0-170.24-341.163-256-512-256z"
        ],
        "attrs": [
          {}
        ],
        "isMulticolor": false,
        "isMulticolor2": false,
        "grid": 0,
        "tags": [
          "blackmanm"
        ],
        "colorPermutations": {
          "212206712552552551331502431": [
            {}
          ]
        }
      },
      "attrs": [
        {}
      ],
      "properties": {
        "order": 29,
        "id": 4,
        "name": "blackmanm",
        "prevSize": 32
      },
      "setIdx": 1,
      "setId": 9,
      "iconIdx": 0
    },
    {
      "icon": {
        "paths": [
          "M136.533 0h819.2c75.405 0 136.533 61.128 136.533 136.533v750.933c0 75.405-61.128 136.533-136.533 136.533h-819.2c-75.405 0-136.533-61.128-136.533-136.533v-750.933c0-75.405 61.128-136.533 136.533-136.533z",
          "M270.131 529.203l-4.71-4.506-4.71 4.437-65.809 62.396 5.188 4.983 243.371 232.107 4.71-4.506 517.461-493.636-5.188-4.915-64.922-61.918-4.71 4.506-447.351 426.394-173.329-165.342z"
        ],
        "attrs": [
          {
            "fill": "rgb(33, 150, 243)"
          },
          {
            "fill": "rgb(255, 255, 255)",
            "stroke": "rgb(255, 255, 255)",
            "strokeLinejoin": "miter",
            "strokeLinecap": "butt",
            "strokeMiterlimit": "4",
            "strokeWidth": 13.653333333333334
          }
        ],
        "width": 1092,
        "isMulticolor": true,
        "isMulticolor2": true,
        "grid": 0,
        "tags": [
          "checkm"
        ],
        "colorPermutations": {
          "212206712552552551331502431": [
            {
              "f": 1
            },
            {
              "f": 2,
              "s": 2
            }
          ]
        }
      },
      "attrs": [
        {
          "fill": "rgb(33, 150, 243)"
        },
        {
          "fill": "rgb(255, 255, 255)",
          "stroke": "rgb(255, 255, 255)",
          "strokeLinejoin": "miter",
          "strokeLinecap": "butt",
          "strokeMiterlimit": "4",
          "strokeWidth": 13.653333333333334
        }
      ],
      "properties": {
        "order": 28,
        "id": 3,
        "name": "checkm",
        "prevSize": 32
      },
      "setIdx": 1,
      "setId": 9,
      "iconIdx": 1
    },
    {
      "icon": {
        "paths": [
          "M1194.667 0h-1024c-70.4 0-127.403 57.6-127.403 128l-0.597 768c0 70.4 57.6 128 128 128h1024c70.4 0 128-57.6 128-128v-768c0-70.4-57.6-128-128-128zM1169.067 272.043l-452.437 282.795c-9.65 6.022-21.368 9.593-33.92 9.593s-24.27-3.571-34.194-9.752l0.274 0.159-452.523-282.88c-16.11-9.631-26.73-26.982-26.73-46.813 0-30.021 24.337-54.357 54.357-54.357 11.162 0 21.539 3.364 30.17 9.135l-0.197-0.124 428.8 268.203 428.8-268.203c8.434-5.646 18.811-9.010 29.973-9.010 30.021 0 54.357 24.337 54.357 54.357 0 19.831-10.62 37.182-26.483 46.676l-0.247 0.137z"
        ],
        "attrs": [
          {}
        ],
        "width": 1365,
        "isMulticolor": false,
        "isMulticolor2": false,
        "grid": 0,
        "tags": [
          "mailblackm"
        ],
        "colorPermutations": {
          "212206712552552551331502431": [
            {}
          ]
        }
      },
      "attrs": [
        {}
      ],
      "properties": {
        "order": 27,
        "id": 2,
        "name": "mailblackm",
        "prevSize": 32
      },
      "setIdx": 1,
      "setId": 9,
      "iconIdx": 2
    },
    {
      "icon": {
        "paths": [
          "M877.422 667.282l-134.437-15.36c-3.702-0.461-7.987-0.725-12.334-0.725-29.090 0-55.426 11.793-74.487 30.859l-97.427 97.427c-150.962-77.917-270.931-197.909-346.728-344.447l-2.090-4.444 98.011-97.792c19.105-19.068 30.925-45.43 30.925-74.552 0-4.323-0.26-8.586-0.767-12.773l0.050 0.504-15.36-133.413c-6.366-52.966-51.033-93.623-105.196-93.623-0.046 0-0.091 0-0.137 0l-91.641-0c-59.831-0.073-109.568 49.664-105.911 109.495 28.087 452.023 389.559 812.983 841.143 841.070 59.758 3.657 109.568-46.080 109.568-105.911v-91.502c0.001-0.173 0.002-0.377 0.002-0.582 0-53.805-40.513-98.147-92.698-104.186l-0.487-0.046z"
        ],
        "attrs": [
          {}
        ],
        "isMulticolor": false,
        "isMulticolor2": false,
        "grid": 0,
        "tags": [
          "phoneblackm"
        ],
        "colorPermutations": {
          "212206712552552551331502431": [
            {}
          ]
        }
      },
      "attrs": [
        {}
      ],
      "properties": {
        "order": 26,
        "id": 1,
        "name": "phoneblackm",
        "prevSize": 32
      },
      "setIdx": 1,
      "setId": 9,
      "iconIdx": 3
    },
    {
      "icon": {
        "paths": [
          "M0 73.143h1462.857M0 512h1462.857M0 950.857h1462.857"
        ],
        "attrs": [
          {
            "fill": "none",
            "stroke": "rgb(212, 20, 67)",
            "strokeLinejoin": "miter",
            "strokeLinecap": "butt",
            "strokeMiterlimit": "4",
            "strokeWidth": 73.14285714285714
          }
        ],
        "width": 1463,
        "isMulticolor": false,
        "isMulticolor2": false,
        "grid": 0,
        "tags": [
          "Burgm"
        ]
      },
      "attrs": [
        {
          "fill": "none",
          "stroke": "rgb(212, 20, 67)",
          "strokeLinejoin": "miter",
          "strokeLinecap": "butt",
          "strokeMiterlimit": "4",
          "strokeWidth": 73.14285714285714
        }
      ],
      "properties": {
        "order": 18,
        "id": 0,
        "name": "Burgm",
        "prevSize": 32
      },
      "setIdx": 1,
      "setId": 9,
      "iconIdx": 4
    },
    {
      "icon": {
        "paths": [
          "M1029.953 512c0 282.77-230.563 512-514.977 512s-514.977-229.23-514.977-512c0-282.77 230.563-512 514.977-512s514.977 229.23 514.977 512z"
        ],
        "attrs": [
          {
            "fill": "rgb(255, 165, 186)"
          }
        ],
        "width": 845,
        "isMulticolor": false,
        "isMulticolor2": false,
        "grid": 0,
        "tags": [
          "Ellherom"
        ]
      },
      "attrs": [
        {
          "fill": "rgb(255, 165, 186)"
        }
      ],
      "properties": {
        "order": 17,
        "id": 0,
        "name": "Ellherom",
        "prevSize": 32
      },
      "setIdx": 2,
      "setId": 8,
      "iconIdx": 0
    },
    {
      "icon": {
        "paths": [
          "M2730.667 512c0 282.77-229.23 512-512 512s-512-229.23-512-512c0-282.77 229.23-512 512-512s512 229.23 512 512z",
          "M1024 512c0 282.77-229.23 512-512 512s-512-229.23-512-512c0-282.77 229.23-512 512-512s512 229.23 512 512z",
          "M4437.333 512c0 282.77-229.23 512-512 512s-512-229.23-512-512c0-282.77 229.23-512 512-512s512 229.23 512 512z"
        ],
        "attrs": [
          {
            "fill": "rgb(255, 255, 255)"
          },
          {
            "fill": "rgb(255, 255, 255)"
          },
          {
            "fill": "rgb(255, 255, 255)"
          }
        ],
        "width": 4437,
        "isMulticolor": false,
        "isMulticolor2": false,
        "grid": 0,
        "tags": [
          "ellWitm"
        ]
      },
      "attrs": [
        {
          "fill": "rgb(255, 255, 255)"
        },
        {
          "fill": "rgb(255, 255, 255)"
        },
        {
          "fill": "rgb(255, 255, 255)"
        }
      ],
      "properties": {
        "order": 13,
        "id": 0,
        "name": "ellWitm",
        "prevSize": 32
      },
      "setIdx": 3,
      "setId": 7,
      "iconIdx": 0
    },
    {
      "icon": {
        "paths": [
          "M145.408 102.4l438.477 409.6-438.477 409.6"
        ],
        "attrs": [
          {
            "fill": "none",
            "stroke": "rgb(212, 20, 67)",
            "strokeLinejoin": "round",
            "strokeLinecap": "round",
            "strokeMiterlimit": "4",
            "strokeWidth": 204.8
          }
        ],
        "width": 717,
        "isMulticolor": false,
        "isMulticolor2": false,
        "grid": 0,
        "tags": [
          "Vectored"
        ],
        "colorPermutations": {
          "212206712552552551": [
            {
              "s": 0
            }
          ]
        }
      },
      "attrs": [
        {
          "fill": "none",
          "stroke": "rgb(212, 20, 67)",
          "strokeLinejoin": "round",
          "strokeLinecap": "round",
          "strokeMiterlimit": "4",
          "strokeWidth": 204.8
        }
      ],
      "properties": {
        "order": 6,
        "id": 1,
        "name": "Vectored",
        "prevSize": 32
      },
      "setIdx": 6,
      "setId": 4,
      "iconIdx": 0
    },
    {
      "icon": {
        "paths": [
          "M102.4 102.4l369.664 409.6-369.664 409.6"
        ],
        "attrs": [
          {
            "fill": "none",
            "stroke": "rgb(255, 255, 255)",
            "strokeLinejoin": "round",
            "strokeLinecap": "round",
            "strokeMiterlimit": "4",
            "strokeWidth": 204.8
          }
        ],
        "width": 614,
        "isMulticolor": false,
        "isMulticolor2": false,
        "grid": 0,
        "tags": [
          "Vector1"
        ]
      },
      "attrs": [
        {
          "fill": "none",
          "stroke": "rgb(255, 255, 255)",
          "strokeLinejoin": "round",
          "strokeLinecap": "round",
          "strokeMiterlimit": "4",
          "strokeWidth": 204.8
        }
      ],
      "properties": {
        "order": 5,
        "id": 0,
        "name": "Vector1",
        "prevSize": 32
      },
      "setIdx": 6,
      "setId": 4,
      "iconIdx": 1
    },
    {
      "icon": {
        "paths": [
          "M1024 512c0 282.77-229.23 512-512 512s-512-229.23-512-512c0-282.77 229.23-512 512-512s512 229.23 512 512z"
        ],
        "attrs": [
          {
            "fill": "rgb(199, 19, 62)"
          }
        ],
        "isMulticolor": false,
        "isMulticolor2": false,
        "grid": 0,
        "tags": [
          "Ellipse456"
        ]
      },
      "attrs": [
        {
          "fill": "rgb(199, 19, 62)"
        }
      ],
      "properties": {
        "order": 4,
        "id": 0,
        "name": "Ellipse456",
        "prevSize": 32
      },
      "setIdx": 7,
      "setId": 3,
      "iconIdx": 0
    },
    {
      "icon": {
        "paths": [
          "M1057.707 512c0 282.77-229.23 512-512 512s-512-229.23-512-512c0-282.77 229.23-512 512-512s512 229.23 512 512z"
        ],
        "attrs": [
          {
            "fill": "rgb(217, 217, 217)"
          }
        ],
        "width": 1109,
        "isMulticolor": false,
        "isMulticolor2": false,
        "grid": 0,
        "tags": [
          "Ellipse (1)"
        ],
        "colorPermutations": {
          "211196612172172171": [
            {
              "f": 1
            }
          ]
        }
      },
      "attrs": [
        {
          "fill": "rgb(217, 217, 217)"
        }
      ],
      "properties": {
        "order": 2,
        "id": 1,
        "name": "Ellipse-1",
        "prevSize": 32
      },
      "setIdx": 8,
      "setId": 2,
      "iconIdx": 0
    },
    {
      "icon": {
        "paths": [
          "M1044.48 492.8c8.18-8.779 13.201-20.595 13.201-33.585 0-15.024-6.718-28.48-17.314-37.527l-0.068-0.057-472.747-407.979c-10.213-8.47-23.453-13.609-37.894-13.609-14.906 0-28.534 5.476-38.98 14.525l0.075-0.063-474.283 428.885c-10.122 9.014-16.466 22.082-16.466 36.633 0 13.434 5.408 25.605 14.166 34.454l-0.004-0.004 11.947 12.203c19.627 20.309 51.541 22.699 71.168 5.376l35.413-31.317v458.496c0.193 28.131 23.041 50.86 51.199 50.86 0.15 0 0.301-0.001 0.451-0.002l-0.023 0h184.832c0.127 0.001 0.277 0.002 0.428 0.002 28.158 0 51.006-22.73 51.199-50.842l0-0.018v-320.768h235.861v320.768c-0.427 28.16 19.968 50.859 48.469 50.859h195.925c0.102 0.001 0.222 0.001 0.342 0.001 28.157 0 51.006-22.73 51.199-50.841l0-0.018v-452.011l21.931 18.944c12.032 10.411 37.376 2.048 56.491-18.773l13.483-14.507z"
        ],
        "attrs": [
          {
            "fill": "rgb(211, 19, 66)"
          }
        ],
        "width": 1109,
        "isMulticolor": false,
        "isMulticolor2": false,
        "grid": 0,
        "tags": [
          "dom (1)"
        ]
      },
      "attrs": [
        {
          "fill": "rgb(211, 19, 66)"
        }
      ],
      "properties": {
        "order": 3,
        "id": 0,
        "name": "dom-1",
        "prevSize": 32
      },
      "setIdx": 8,
      "setId": 2,
      "iconIdx": 1
    },
    {
      "icon": {
        "paths": [
          "M621.254 877.254l320-320c24.994-24.992 24.994-65.516 0-90.51l-320-320c-24.994-24.992-65.516-24.992-90.51 0-24.994 24.994-24.994 65.516 0 90.51l210.746 210.746h-613.49c-35.346 0-64 28.654-64 64s28.654 64 64 64h613.49l-210.746 210.746c-12.496 12.496-18.744 28.876-18.744 45.254s6.248 32.758 18.744 45.254c24.994 24.994 65.516 24.994 90.51 0z"
        ],
        "tags": [
          "arrow-right",
          "right",
          "next"
        ],
        "defaultCode": 59964,
        "grid": 16,
        "attrs": []
      },
      "attrs": [],
      "properties": {
        "ligatures": "arrow-right2, right4",
        "name": "arrow-right2",
        "order": 16,
        "id": 317,
        "prevSize": 32
      },
      "setIdx": 9,
      "setId": 1,
      "iconIdx": 316
    }
  ],
  "height": 1024,
  "preferences": {
    "showGlyphs": true,
    "showQuickUse": true,
    "showQuickUse2": true,
    "showSVGs": true,
    "fontPref": {
      "prefix": "icon-",
      "metadata": {
        "fontFamily": "icomoon"
      },
      "metrics": {
        "emSize": 1024,
        "baseline": 6.25,
        "whitespace": 50
      },
      "embed": false
    },
    "imagePref": {
      "prefix": "icon-",
      "png": true,
      "useClassSelector": true,
      "color": 0,
      "bgColor": 16777215,
      "classSelector": ".icon",
      "name": "icomoon",
      "height": 32,
      "columns": 16,
      "margin": 16
    },
    "historySize": 50,
    "showCodes": true,
    "gridSize": 16
  }
}